aisleId,type,x,y,createdAt
A1,start,1.3138106261645284,9.683956774729847
