aisleId,type,x,y,createdAt
A1,start,-10.304584980237156,9.169114914425432
A1,center,-2.0254206662902305,8.597183374083134
A1,end,4.597910784867306,9.340694376528123
A2,start,-8.9913382269904,4.7080488997555
